id,display_name,station_name,state,code,owner,deploy_date,end_date,lat,lon,subregion,subregion_name,master_region,climate_class,geoorder,oisst_comp,new_glat,new_glon,new_dist,,Color Scheme
8410140,"Eastport, ME","Eastport, ME",ME,PSBM1,NOS,11/3/1995,12/31/2023,44.9046,-66.9829,GOM,Gulf of Maine,Northeast,Continuous Climatology,1,Yes,44.875,293.125,9.115106,,Atlantic/Gulf/Caribbean
8413320,"Bar Harbor, ME","Bar Harbor, ME",ME,ATGM1,NOS,6/10/1999,12/31/2023,44.39219,-68.2043,GOM,Gulf of Maine,Northeast,Continuous Climatology,2,Yes,44.375,291.875,6.585321,,Great Lakes
8418150,"Portland, ME","Portland, ME",ME,CASM1,NOS,9/24/1997,12/31/2023,43.65806,-70.2442,GOM,Gulf of Maine,Northeast,Semi-Continuous,3,Yes,43.625,289.875,10.27217,,Alaska/West/Pacific
8449130,"Nantucket Island, MA","Nantucket Island, MA",MA,NTKM3,NOS,6/25/1998,12/31/2023,41.285,-70.0967,NTS,Nantucket Shoals,Northeast,Continuous Climatology,4,Yes,41.375,288.625,48.10262,,
8447930,"Woods Hole, MA","Woods Hole, MA",MA,BZBM3,NOS,8/25/1995,12/31/2023,41.52361,-70.6711,NTS,Nantucket Shoals,Northeast,Continuous Climatology,5,Yes,41.375,288.625,38.12165,,
8454000,"Providence, RI","Providence, RI",RI,FOXR1,NOS,9/21/1995,12/31/2023,41.80717,-71.4007,NTS,Nantucket Shoals,Northeast,Continuous Climatology,6,Yes,41.375,288.625,40.60631,,
8452944,"Conimicut Light, RI","Conimicut Light, RI",RI,CPTR1,NOAA NOS PORTS,9/28/1999,12/31/2023,41.71711,-71.3452,NTS,Nantucket Shoals,Northeast,Continuous Climatology,7,Yes,41.375,288.625,23.74633,,
8447386,"Fall River, MA","Fall River, MA",MA,FRVM3,NOAA NOS PORTS,9/30/1999,12/31/2023,41.7043,-71.1641,NTS,Nantucket Shoals,Northeast,Continuous Climatology,8,Yes,41.375,288.625,14.94737,,
8454049,"Quonset Point, RI","Quonset Point, RI",RI,QPTR1,NOAA NOS PORTS,9/24/1999,12/31/2023,41.58694,-71.41,NTS,Nantucket Shoals,Northeast,Continuous Climatology,9,Yes,41.625,289.125,20.36639,,
8452660,"Newport, RI","Newport, RI",RI,NWPR1,NOS,9/8/1995,12/31/2023,41.50433,-71.3261,NTS,Nantucket Shoals,Northeast,Continuous Climatology,10,Yes,41.375,289.875,10.28274,,
8461490,"New London, CT","New London, CT",CT,NLHC3,NOS,5/17/1995,12/31/2023,41.37167,-72.0956,LIS,Long Island Sound,Northeast,Continuous Climatology,11,Yes,41.125,287.875,27.53836,,
8465705,"New Haven, CT","New Haven, CT",CT,NWHC3,NOAA NOS PORTS,8/11/1999,12/31/2023,41.28333,-72.9083,LIS,Long Island Sound,Northeast,Continuous Climatology,12,Yes,41.125,287.125,17.82454,,
8516945,"Kings Point, NY","Kings Point, NY",NY,KPTN6,NOS,10/27/1998,12/31/2023,40.8103,-73.7649,LIS,Long Island Sound,Northeast,Semi-Continuous,13,Yes,41.125,286.625,47.91842,,
8519483,"Bergen Point, NY","Bergen Point West Reach, NY",NY,BGNN6,NOAA NOS PORTS,11/17/1993,12/31/2023,40.6391,-74.1463,RTB,Raritan Bay/Jersey Coast,Northeast,Continuous Climatology,14,No,40.375,286.125,37.2625,,
8531680,"Sandy Hook, NJ","Sandy Hook, NJ",NJ,SDHN4,NOS,10/14/1998,12/31/2023,40.4669,-74.0094,RTB,Raritan Bay/Jersey Coast,Northeast,Continuous Climatology,15,Yes,40.375,286.125,15.29274,,
8534720,"Atlantic City, NJ","Atlantic City, NJ",NJ,ACYN4,NOS,5/26/1995,12/31/2023,39.35667,-74.4181,RTB,Raritan Bay/Jersey Coast,Northeast,Continuous Climatology,16,Yes,39.375,285.625,4.228751,,
8548989,"Newbold, PA","Newbold, PA",PA,NBLP1,NOAA NOS PORTS,10/30/2001,12/31/2023,40.13733,-74.7518,DRB,Delaware River/Upper Delware Bay,Northeast,Continuous Climatology,17,No,39.125,284.625,124.5761,,
8539094,"Burlington, NJ","Burlington - Delaware River, NJ",NJ,BRND1,NOAA NOS PORTS,5/21/2002,12/31/2023,40.0817,-74.8697,DRB,Delaware River/Upper Delware Bay,Northeast,Continuous Climatology,18,No,39.125,284.625,114.8507,,
8545240,"Philadelphia, PA","Philadelphia, PA",PA,PHBP1,NOS,6/6/1997,12/31/2023,39.93306,-75.142,DRB,Delaware River/Upper Delware Bay,Northeast,Semi-Continuous,19,No,39.125,284.625,92.04739,,
8551910,"Reedy Point, DE","Reedy Point, DE",DE,RDYD1,NOS,12/10/1993,12/31/2023,39.55833,-75.5719,DRB,Delaware River/Upper Delware Bay,Northeast,Continuous Climatology,20,Yes,39.125,284.625,51.07265,,
8536110,"Cape May, NJ","Cape May, NJ",NJ,CMAN4,NOS,5/22/1997,12/31/2023,38.9683,-74.96,LDB,Lower Delaware Bay,Northeast,Continuous Climatology,21,Yes,38.875,284.875,10.26072,,
8557380,"Lewes, DE","Lewes, DE",DE,LWSD1,NOS,6/27/1997,12/31/2023,38.78283,-75.1193,LDB,Lower Delaware Bay,Northeast,Continuous Climatology,22,Yes,38.875,285.125,12.71621,,
8573927,"Chesapeake City, MD","Chesapeake City, MD",MD,CHCM2,NOAA NOS PORTS,8/22/2003,12/31/2023,39.52667,-75.81,NCB,North Chesapeake Bay,Northeast,Continuous Climatology,23,Yes,39.125,283.625,66.00482,,
8574680,"Baltimore, MD","Baltimore, MD",MD,BLTM2,NOS,6/16/1997,12/31/2023,39.27,-76.5783,NCB,North Chesapeake Bay,Northeast,Continuous Climatology,24,Yes,39.125,283.625,23.8091,,
8573364,"Tolchester Beach, MD","Tolchester Beach, MD",MD,TCBM2,NOAA NOS PORTS,8/4/1994,10/31/2023,39.21344,-76.2446,NCB,North Chesapeake Bay,Northeast,Continuous Climatology,25,Yes,39.125,283.625,14.93586,,
8594900,"Washington, DC","Washington, DC",DC,WASD2,NOS,2/27/1995,12/31/2023,38.873,-77.0217,NCB,North Chesapeake Bay,Northeast,Semi-Continuous,26,No,37.875,283.875,135.738,,
8577330,"Solomons Island, MD","Solomons Island, MD",MD,SLIM2,NOS,2/3/1994,12/31/2023,38.3167,-76.4517,PCC,Potomac/Central Chesapeake Bay,Northeast,Continuous Climatology,27,Yes,38.375,283.625,9.314809,,
8635750,"Lewisetta, VA","Lewisetta, VA",VA,LWTV2,NOS,7/8/1994,12/31/2023,37.99639,-76.4656,PCC,Potomac/Central Chesapeake Bay,Northeast,Continuous Climatology,28,Yes,37.875,283.875,32.77862,,
8632200,"Kiptopeke, VA","Kiptopeke, VA",VA,KPTV2,NOS,5/10/1994,12/31/2023,37.16528,-75.9883,TSC,Tidewater/South Chesapeake Bay,Northeast,Continuous Climatology,29,Yes,37.125,283.875,12.91767,,
8637689,"Yorktown Training Ctr, VA","Yorktown USCG Training Center, VA",VA,YKTV2,NOS,2/3/2004,12/31/2023,37.2265,-76.4788,TSC,Tidewater/South Chesapeake Bay,Northeast,Continuous Climatology,30,Yes,37.125,283.875,33.31607,,
8638863,"Ches Bay Bridge, VA","Chesapeake Bay Bridge Tunnel, VA",VA,CHBV2,NOS,3/4/1992,9/28/2017,36.9667,-76.1133,TSC,Tidewater/South Chesapeake Bay,Northeast,Continuous Climatology,31,Yes,37.125,283.875,17.63276,,
8631044,"Wachapreague, VA","Wachapreague, VA",VA,WAHV2,NOS,2/17/1994,12/31/2023,37.60778,-75.6858,TSC,Tidewater/South Chesapeake Bay,Northeast,Continuous Climatology,32,Yes,37.625,284.625,27.44188,,
8651370,"Duck Pier, NC","Duck Pier, NC",NC,DUKN7,NOS,10/11/1995,12/31/2023,36.1833,-75.7467,CCL,Coastal Carolinas,Southeast,Semi-Continuous,33,Yes,36.125,284.375,12.70487,,
8652587,"Oregon Inlet Marina, NC","Oregon Inlet Marina, NC",NC,ORIN7,NOS,3/29/1994,12/31/2023,35.79569,-75.5482,CCL,Coastal Carolinas,Southeast,Continuous Climatology,34,Yes,35.625,284.375,20.20685,,
8658120,"Wilmington, NC","Wilmington, NC",NC,WLON7,NOS,7/21/1994,12/31/2023,34.2275,-77.9536,CCL,Coastal Carolinas,Southeast,Continuous Climatology,35,Yes,33.875,281.875,42.25748,,
8665530,"Charleston, SC","Charleston, SC",SC,CHTS1,NOS,5/17/2000,12/31/2023,32.775,-79.9239,CCL,Coastal Carolinas,Southeast,Continuous Climatology,36,Yes,32.625,280.125,17.29548,,
8721604,"Cape Canaveral, FL","Trident Pier - Cape Canaveral, FL",FL,TRDF1,NOS,2/20/1996,12/31/2023,28.41583,-80.5931,SFK,South Florida/Keys,Southeast,Continuous Climatology,37,Yes,28.375,279.625,21.81156,,
8723970,"Vaca Key, FL","Vaca Key, FL",FL,VCAF1,NOS,11/4/1994,12/31/2023,24.711,-81.1065,SFK,South Florida/Keys,Southeast,Semi-Continuous,38,Yes,24.625,278.875,9.743768,,
8724580,"Key West, FL","Key West, FL",FL,KYWF1,NOS,3/12/1996,12/31/2023,24.55083,-81.8083,SFK,South Florida/Keys,Southeast,Continuous Climatology,39,Yes,24.625,278.125,10.65375,,
8725520,"Fort Myers, FL","Fort Myers, FL",FL,FMRF1,NOS,1/31/1998,6/30/2018,26.648,-81.871,WFL,West Florida,East Gulf,Continuous Climatology,40,Yes,26.375,278.125,30.35882,,
8726724,"Clearwater Beach, FL","Clearwater Beach, FL",FL,CWBF1,NOS,7/27/1995,12/31/2023,27.97833,-82.8317,WFL,West Florida,East Gulf,Continuous Climatology,41,Yes,27.875,277.125,12.25201,,
8728690,"Apalachiola, FL","Apalachiola, FL",FL,APCF1,NOS,10/27/1992,12/31/2023,29.72444,-84.9806,FPA,Florida Panhandle/Alabama,East Gulf,Continuous Climatology,42,Yes,29.625,274.875,17.80126,,
8729108,"Panama City, FL","Panama City, FL",FL,PACF1,NOS,4/7/1999,12/31/2023,30.14972,-85.6644,FPA,Florida Panhandle/Alabama,East Gulf,Continuous Climatology,43,Yes,30.125,274.375,4.680925,,
8729210,"Panama City Beach, FL","Panama City Beach, FL",FL,PCBF1,NOS,7/23/1993,12/31/2023,30.21375,-85.8786,FPA,Florida Panhandle/Alabama,East Gulf,Semi-Continuous,44,Yes,30.125,274.125,9.874616,,
8729840,"Pensacola, FL","Pensacola, FL",FL,PCLF1,NOS,11/6/1996,12/31/2023,30.4044,-87.2112,FPA,Florida Panhandle/Alabama,East Gulf,Continuous Climatology,45,Yes,30.375,272.875,8.890903,,
8762482,"Bayou Gauche, LA","West Bank 1 - Bayou Gauche, LA",LA,BYGL1,NOS,5/3/2003,12/31/2023,29.78861,-90.4203,SLC,South Lousiana Coast,West Gulf,Continuous Climatology,46,No,29.125,270.125,90.73226,,
8761724,"Grand Isle, LA","Grand Isle, LA",LA,GISL1,NOS,11/7/1997,12/31/2023,29.26333,-89.9567,SLC,South Lousiana Coast,West Gulf,Continuous Climatology,47,Yes,29.125,270.125,17.30573,,
8768094,"Calcasieu Pass, LA","Calcasieu Pass, LA",LA,CAPL1,NOS,11/8/2004,12/31/2023,29.76817,-93.3429,SLC,South Lousiana Coast,West Gulf,Continuous Climatology,48,Yes,29.625,266.625,16.2189,,
8770475,"Port Arthur, TX","Port Arthur - Sabine Naches Canal, TX",TX,PORT2,TCOON,8/16/2006,12/31/2023,29.8667,-93.93,SLC,South Lousiana Coast,West Gulf,Continuous Climatology,49,Yes,29.625,266.125,27.39533,,
8770570,"Sabine Pass, TX","Sabine Pass, TX",TX,SRST2,NDBC,3/16/1995,1/18/2021,29.7284,-93.8701,SLC,South Lousiana Coast,West Gulf,Continuous Climatology,50,Yes,29.625,266.125,11.5073,,
8770971,"Rollover Pass, TX","Rollover Pass, TX",TX,RLOT2,TCOON,2/24/2004,12/31/2023,29.515,-94.5133,GVB,Galveston Bay,West Gulf,Continuous Climatology,51,Yes,29.375,265.375,18.95596,,
8771341,"Galveston Bay Entr, TX","Galveston Bay Entrance, TX",TX,GNJT2,NOS,4/17/2000,12/31/2023,29.35746,-94.7247,GVB,Galveston Bay,West Gulf,Continuous Climatology,52,Yes,29.375,265.375,9.85649,,
8771450,"Galveston Pier 21, TX","Galveston Pier 21, TX",TX,GTOT2,NOS,3/15/1995,12/31/2023,29.31,-94.7933,GVB,Galveston Bay,West Gulf,Semi-Continuous,53,Yes,29.375,265.375,17.84263,,
8775870,"Corpus Christi, TX","Corpus Christi - Bob Hall Pier, TX",TX,xxx,NOS,4/7/1995,12/22/2021,27.58,-97.2167,CCB,Corpus Christi Bay,West Gulf,Continuous Climatology,54,Yes,27.625,262.875,10.32897,,
8776604,"Baffin Bay, TX","Baffin Bay, TX",TX,BABT2,TCOON,4/5/2004,12/31/2023,27.297,-97.4052,CCB,Corpus Christi Bay,West Gulf,Continuous Climatology,55,Yes,27.125,262.625,19.35729,,
9755371,"San Juan Bay, PR","San Juan Bay, PR",PR,SJNP4,NOS,2/3/1993,12/31/2023,18.45894,-66.1164,USC,US Caribbean Territories,Caribbean,Semi-Continuous,56,Yes,17.625,295.125,14.99922,,
9751401,"St. Croix, VI","Lime Tree Bay - St. Croix, VI",VI,LTBV3,NOS,2/24/1997,12/31/2023,17.6947,-64.7538,USC,US Caribbean Territories,Caribbean,Semi-Continuous,57,Yes,18.625,293.875,18.48727,,
9075099,"DeTour Village, MI","DeTour Village, MI",MI,DTLM4,NOS,10/16/2002,12/31/2023,45.9925,-83.8982,UGL,Upper Great Lakes,Great Lakes,Continuous Climatology,59,Yes,41.625,278.375,9.396612,,
9075014,"Harbor Beach, MI","Harbor Beach, MI",MI,HRBM4,NOS,9/20/2002,12/31/2023,43.84625,-82.6431,UGL,Upper Great Lakes,Great Lakes,Continuous Climatology,60,Yes,41.625,277.375,12.65534,,
9063079,"Marblehead, OH","Marblehead, OH",OH,MRHO1,NOS,12/10/2004,12/31/2023,41.54364,-82.7314,LEO,Lake Erie/Ontario,Great Lakes,Continuous Climatology,61,Yes,45.875,276.125,13.18802,,
9063063,"Cleveland, OH","Cleveland, OH",OH,CNDO1,NOS,8/4/2005,12/31/2023,41.54086,-81.6355,LEO,Lake Erie/Ontario,Great Lakes,Continuous Climatology,62,Yes,43.875,277.375,3.510804,,
9063020,"Buffalo, NY","Buffalo, NY",NY,BUFN6,NOS,7/30/2002,12/31/2023,42.87744,-78.8905,LEO,Lake Erie/Ontario,Great Lakes,Continuous Climatology,63,Yes,46.625,275.375,23.69948,,
9459450,"Sand Point, AK","Sand Point, AK",AK,SNDA2,NOS,7/5/1995,12/31/2023,55.33172,-160.504,SAC,Southern Alaska Coast,Alaska,Semi-Continuous,64,Yes,55.375,199.625,9.468987,,
9455920,"Anchorage, AK","Anchorage, AK",AK,ANTA2,NOS,7/23/1994,12/31/2023,61.2375,-149.89,SAC,Southern Alaska Coast,Alaska,Continuous Climatology,65,Yes,61.125,209.875,17.75238,,
9455500,"Seldovia, AK","Seldovia, AK",AK,OVIA2,NOS,6/12/1994,12/31/2023,59.4405,-151.72,SAC,Southern Alaska Coast,Alaska,Semi-Continuous,66,Yes,59.375,208.125,11.40105,,
9454240,"Valdez, AK","Valdez, AK",AK,VDZA2,NOS,6/4/1994,12/31/2023,61.125,-146.362,SAC,Southern Alaska Coast,Alaska,Continuous Climatology,67,Yes,60.875,213.125,39.21162,,
9455090,"Seward, AK","Seward, AK",AK,SWLA2,NOS,6/7/1994,12/31/2023,60.1193,-149.428,SAC,Southern Alaska Coast,Alaska,Continuous Climatology,68,Yes,59.875,210.625,27.3243,,
9453220,"Yakutat Bay, AK","Yakutat Bay, AK",AK,YATA2,NOS,6/20/1994,12/31/2023,59.54833,-139.733,AAP,Alexander Archipelago,Alaska,Continuous Climatology,69,Yes,59.625,220.375,10.47091,,
9452210,"Juneau, AK","Juneau, AK",AK,JNEA2,NOS,6/20/1994,12/31/2023,58.2988,-134.411,AAP,Alexander Archipelago,Alaska,Continuous Climatology,70,No,58.125,223.625,116.6492,,
9451600,"Sitka, AK","Sitka, AK",AK,ITKA2,NOS,7/25/1995,12/31/2023,57.05131,-135.343,AAP,Alexander Archipelago,Alaska,Continuous Climatology,71,Yes,57.125,224.625,8.418953,,
9450460,"Ketchikan, AK","Ketchikan, AK",AK,KECA2,NOS,6/15/1994,12/31/2023,55.33194,-131.626,AAP,Alexander Archipelago,Alaska,Semi-Continuous,72,Yes,55.125,228.375,23.01077,,
9449880,"Friday Harbor, WA","Friday Harbor, WA",WA,FRDW1,NOS,3/25/1992,12/31/2023,48.54528,-123.013,SWS,Straits of Washington,Northwest,Continuous Climatology,73,Yes,48.625,236.875,12.10157,,
9444090,"Port Angeles, WA","Port Angeles, WA",WA,PTAW1,NOS,3/17/1997,12/31/2023,48.125,-123.44,SWS,Straits of Washington,Northwest,Semi-Continuous,74,Yes,48.125,237.125,8.673265,,
9444900,"Port Townsend, WA","Port Townsend, WA",WA,PTWW1,NOS,4/8/1994,12/31/2023,48.11122,-122.76,SWS,Straits of Washington,Northwest,Continuous Climatology,75,Yes,48.125,237.125,70.50325,,
9447130,"Seattle, WA","Seattle, WA",WA,EBSW1,NOS,11/8/1991,12/31/2023,47.60278,-122.339,SWS,Straits of Washington,Northwest,Continuous Climatology,76,Yes,48.125,237.125,101.1632,,
9446484,"Tacoma, WA","Tacoma, WA",WA,TCNW1,NOAA NOS PORTS,7/22/1996,12/31/2023,47.27,-122.413,SWS,Straits of Washington,Northwest,Continuous Climatology,77,Yes,48.125,236.625,4.824526,,
9440910,"Toke Point, WA","Toke Point, WA",WA,TOKW1,NOS,7/11/1994,12/31/2023,46.7075,-123.967,WSC,Washington Coast,Northwest,Semi-Continuous,78,Yes,46.625,235.875,15.14973,,
9435380,"South Beach, OR","South Beach - Yaquina River, OR",OR,SBEO3,NOS,12/8/1990,10/6/2022,44.6254,-124.045,WSC,Washington Coast,Northwest,Semi-Continuous,79,Yes,44.625,235.875,6.331303,,
9432780,"Charleston, OR","Charleston - Coos Bay, OR",OR,CHAO3,NOS,9/25/1993,12/31/2023,43.345,-124.322,WSC,Washington Coast,Northwest,Semi-Continuous,80,Yes,43.375,235.625,5.430206,,
9431647,"Port Orford, OR","Port Orford, OR",OR,PORO3,NOS,9/22/1993,12/31/2023,42.73897,-124.498,WSC,Washington Coast,Northwest,Continuous Climatology,81,Yes,42.625,235.625,16.17688,,
9419750,"Crescent City, CA","Crescent City, CA",CA,CECC1,NOS,9/20/1993,12/31/2023,41.74561,-124.184,NCC,Northern California Coast,Northwest,Continuous Climatology,82,Yes,41.625,235.875,14.27814,,
9418767,"North Spit, CA","North Spit, CA",CA,HBYC1,NOS,9/24/1993,12/31/2023,40.76691,-124.217,NCC,Northern California Coast,Northwest,Continuous Climatology,83,Yes,40.875,235.875,14.29649,,
9416841,"Arena Cove, CA","Arena Cove, CA",CA,ANVC1,NOS,9/18/1993,12/31/2023,38.91456,-123.711,NCC,Northern California Coast,Northwest,Continuous Climatology,84,Yes,38.875,236.375,8.645454,,
9415144,"Port Chicago, CA","Port Chicago, CA",CA,PCOC1,NOS,9/13/1993,12/31/2023,38.056,-122.04,SFB,San Francisco Bay,Southwest,Continuous Climatology,85,Yes,37.875,237.375,55.09123,,
9414863,"Richmond, CA","Richmond, CA",CA,RCMC1,NOAA NOS PORTS,9/5/1995,12/31/2023,37.9283,-122.4,SFB,San Francisco Bay,Southwest,Continuous Climatology,86,Yes,37.875,237.375,20.61198,,
9414750,"Alameda, CA","Alameda, CA",CA,xxx,NOS,9/1/1993,12/31/2023,37.77195,-122.3,SFB,San Francisco Bay,Southwest,Continuous Climatology,87,Yes,37.875,237.375,30.75976,,
9414290,"San Francisco, CA","San Francisco, CA",CA,FTPC1,NOS,9/13/1993,12/31/2023,37.80631,-122.466,SFB,San Francisco Bay,Southwest,Semi-Continuous,88,Yes,37.875,237.375,15.91486,,
9412110,"Port San Luis, CA","Port San Luis, CA",CA,PSLC1,NOS,9/4/1993,12/31/2023,35.16889,-120.754,SCA,Southern California,Southwest,Semi-Continuous,89,Yes,35.125,239.125,12.03542,,
9410660,"Los Angeles, CA","Los Angeles - Outer Harbor, CA",CA,OHBC1,NOS,9/5/1993,10/26/2022,33.72,-118.272,SCA,Southern California,Southwest,Semi-Continuous,90,Yes,33.625,241.625,14.22804,,
9410230,"La Jolla, CA","La Jolla, CA",CA,LJAC1,NOS,8/28/1993,12/31/2023,32.86689,-117.257,SCA,Southern California,Southwest,Semi-Continuous,91,Yes,32.875,242.625,11.0571,,
1617433,"Kawaihae, HI","Kawaihae, HI",HI,KWHH1,NOS,1/29/1994,12/31/2023,20.0366,-155.829,HWI,Hawaiin Islands,Pacific Islands,Continuous Climatology,92,Yes,28.125,182.625,9.748789,,
1615680,"Kahului, HI","Kahului, HI",HI,KLIH1,NOS,2/8/1994,12/31/2023,20.895,-156.469,HWI,Hawaiin Islands,Pacific Islands,Continuous Climatology,93,Yes,21.375,202.375,18.26106,,
1612480,"Mokuoloe, HI","Mokuoloe, HI",HI,MOKH1,NOS,1/11/1994,12/31/2023,21.43306,-157.79,HWI,Hawaiin Islands,Pacific Islands,Semi-Continuous,94,Yes,20.875,203.625,10.0156,,
1619910,Sand Island,"Sand Island, Midway",Sand,SNDP5,NOS,3/22/1994,12/31/2023,28.21167,-177.36,HWI,Hawaiin Islands,Pacific Islands,Continuous Climatology,95,Yes,20.125,204.125,10.94076,,
1890000,Wake Island,Wake Island,Wake,WAKP8,NOS,3/11/1994,12/31/2023,19.29056,166.6175,PAC,Pacific Islands,Pacific Islands,Semi-Continuous,96,Yes,19.375,166.625,9.422219,,
