id,display_name,name,state,code,owner,deploy_date,end_date,lat,lon,subregion,subregion_name,master_region,climate_class,geoorder,deploy_dt,end_dt,wt_trend,wt_trend_pval,wt_trend_se,wt_trend_ci,wt_trend_ci_vif,wl_trend,wl_interann,vlm,vlm_mm,wl_vlm
8410140,"Eastport, ME","Eastport, ME",ME,PSBM1,NOS,11/3/1995,12/31/2023,44.9046,-66.9829,GOM,Gulf of Maine,Northeast,Continuous Climatology,1,11/3/1995,12/31/2023,0.050971689,0.000685817,0.015012925,0.029425333,0.093368289,3.17,1,0.061,0.61,2.56
8413320,"Bar Harbor, ME","Bar Harbor, ME",ME,ATGM1,NOS,6/10/1999,12/31/2023,44.39219,-68.2043,GOM,Gulf of Maine,Northeast,Continuous Climatology,2,6/10/1999,12/31/2023,0.045246137,0.016183693,0.018815347,0.03687808,0.086713956,3.15,1,0.083,0.83,2.32
8418150,"Portland, ME","Portland, ME",ME,CASM1,NOS,9/24/1997,12/31/2023,43.65806,-70.2442,GOM,Gulf of Maine,Northeast,Semi-Continuous,3,9/24/1997,12/31/2023,0.059955467,3.84E-05,0.014563253,0.028543976,0.056836969,2.46,1,0.028,0.28,2.18
8449130,"Nantucket Island, MA","Nantucket Island, MA",MA,NTKM3,NOS,6/25/1998,12/31/2023,41.285,-70.0967,NTS,Nantucket Shoals,Northeast,Continuous Climatology,4,6/25/1998,12/31/2023,0.021171556,0.248755046,0.018356121,0.035977997,0.06402855,5.48,1,0.173,1.73,3.75
8447930,"Woods Hole, MA","Woods Hole, MA",MA,BZBM3,NOS,8/25/1995,12/31/2023,41.52361,-70.6711,NTS,Nantucket Shoals,Northeast,Continuous Climatology,5,8/25/1995,12/31/2023,0.050284872,0.000503269,0.014453787,0.028329422,0.055873504,4.99,1,0.14,1.4,3.59
8454000,"Providence, RI","Providence, RI",RI,FOXR1,NOS,9/21/1995,12/31/2023,41.80717,-71.4007,NTS,Nantucket Shoals,Northeast,Continuous Climatology,6,9/21/1995,12/31/2023,-0.022530667,0.10862756,0.014043114,0.027524503,0.048943665,4.57,1,0.091,0.91,3.66
8452944,"Conimicut Light, RI","Conimicut Light, RI",RI,CPTR1,NOAA NOS PORTS,9/28/1999,12/31/2023,41.71711,-71.3452,NTS,Nantucket Shoals,Northeast,Continuous Climatology,7,9/28/1999,12/31/2023,0.053152765,0.036011256,0.025349465,0.049684951,0.107004409,5.4108,0,,,
8447386,"Fall River, MA","Fall River, MA",MA,FRVM3,NOAA NOS PORTS,9/30/1999,12/31/2023,41.7043,-71.1641,NTS,Nantucket Shoals,Northeast,Continuous Climatology,8,9/30/1999,12/31/2023,0.099397267,1.84E-07,0.019060004,0.037357609,0.065498595,6.5347,0,0.12,1.2,5.335
8454049,"Quonset Point, RI","Quonset Point, RI",RI,QPTR1,NOAA NOS PORTS,9/24/1999,12/31/2023,41.58694,-71.41,NTS,Nantucket Shoals,Northeast,Continuous Climatology,9,9/24/1999,12/31/2023,0.060888854,0.000111191,0.015754819,0.030879446,0.050060038,4.6528,0,,,
8452660,"Newport, RI","Newport, RI",RI,NWPR1,NOS,9/8/1995,12/31/2023,41.50433,-71.3261,NTS,Nantucket Shoals,Northeast,Continuous Climatology,10,9/8/1995,12/31/2023,0.051865488,0.000422718,0.014711616,0.028834768,0.057252395,4.39,1,0.125,1.25,3.14
8461490,"New London, CT","New London, CT",CT,NLHC3,NOS,5/17/1995,12/31/2023,41.37167,-72.0956,LIS,Long Island Sound,Northeast,Continuous Climatology,11,5/17/1995,12/31/2023,0.021109762,0.209831881,0.016833567,0.032993792,0.073757433,5.18,1,0.125,1.25,3.93
8465705,"New Haven, CT","New Haven, CT",CT,NWHC3,NOAA NOS PORTS,8/11/1999,12/31/2023,41.28333,-72.9083,LIS,Long Island Sound,Northeast,Continuous Climatology,12,8/11/1999,12/31/2023,0.023427221,0.208560493,0.0186295,0.03651382,0.06951761,5.4864,1,,,
8516945,"Kings Point, NY","Kings Point, NY",NY,KPTN6,NOS,10/27/1998,12/31/2023,40.8103,-73.7649,LIS,Long Island Sound,Northeast,Semi-Continuous,13,10/27/1998,12/31/2023,0.008875345,0.740557552,0.02680441,0.052536644,0.116536589,4.06,1,0.124,1.24,2.82
8519483,"Bergen Point, NY","Bergen Point West Reach, NY",NY,BGNN6,NOAA NOS PORTS,11/17/1993,12/31/2023,40.6391,-74.1463,RTB,Raritan Bay/Jersey Coast,Northeast,Continuous Climatology,14,11/17/1993,12/31/2023,0.038630568,0.000190125,0.010351757,0.020289444,0.033543962,5.23,1,0.171,1.71,3.52
8531680,"Sandy Hook, NJ","Sandy Hook, NJ",NJ,SDHN4,NOS,10/14/1998,12/31/2023,40.4669,-74.0094,RTB,Raritan Bay/Jersey Coast,Northeast,Continuous Climatology,15,10/14/1998,12/31/2023,0.047416057,0.016078979,0.019698269,0.038608608,0.06637259,5.61,1,0.238,2.38,3.23
8534720,"Atlantic City, NJ","Atlantic City, NJ",NJ,ACYN4,NOS,5/26/1995,12/31/2023,39.35667,-74.4181,RTB,Raritan Bay/Jersey Coast,Northeast,Continuous Climatology,16,5/26/1995,12/31/2023,0.049392917,0.000472519,0.014128934,0.02769271,0.046403032,5.68,1,0.241,2.41,3.27
8548989,"Newbold, PA","Newbold, PA",PA,NBLP1,NOAA NOS PORTS,10/30/2001,12/31/2023,40.13733,-74.7518,DRB,Delaware River/Upper Delware Bay,Northeast,Continuous Climatology,17,10/30/2001,12/31/2023,-0.011339487,0.617462343,0.022703945,0.044499732,0.066746053,5.5594,0,,,
8539094,"Burlington, NJ","Burlington - Delaware River, NJ",NJ,BRND1,NOAA NOS PORTS,5/21/2002,12/31/2023,40.0817,-74.8697,DRB,Delaware River/Upper Delware Bay,Northeast,Continuous Climatology,18,5/21/2002,12/31/2023,0.032307846,0.169712095,0.023528623,0.046116101,0.069152145,5.7256,0,,,
8545240,"Philadelphia, PA","Philadelphia, PA",PA,PHBP1,NOS,6/6/1997,12/31/2023,39.93306,-75.142,DRB,Delaware River/Upper Delware Bay,Northeast,Semi-Continuous,19,6/6/1997,12/31/2023,0.015576714,0.404178641,0.018673048,0.036599174,0.056960726,5.63,1,0.149,1.49,4.14
8551910,"Reedy Point, DE","Reedy Point, DE",DE,RDYD1,NOS,12/10/1993,12/31/2023,39.55833,-75.5719,DRB,Delaware River/Upper Delware Bay,Northeast,Continuous Climatology,20,12/10/1993,12/31/2023,0.018881762,0.126008761,0.012340761,0.024187892,0.036885747,4.89,1,0.161,1.61,3.28
8536110,"Cape May, NJ","Cape May, NJ",NJ,CMAN4,NOS,5/22/1997,12/31/2023,38.9683,-74.96,LDB,Lower Delaware Bay,Northeast,Continuous Climatology,21,5/22/1997,12/31/2023,0.062148639,0.004105833,0.021655226,0.042444243,0.081484101,6.48,1,0.225,2.25,4.23
8557380,"Lewes, DE","Lewes, DE",DE,LWSD1,NOS,6/27/1997,12/31/2023,38.78283,-75.1193,LDB,Lower Delaware Bay,Northeast,Continuous Climatology,22,6/27/1997,12/31/2023,0.028489485,0.09957824,0.017298837,0.03390572,0.059421365,5.82,1,0.202,2.02,3.8
8573927,"Chesapeake City, MD","Chesapeake City, MD",MD,CHCM2,NOAA NOS PORTS,8/22/2003,12/31/2023,39.52667,-75.81,NCB,North Chesapeake Bay,Northeast,Continuous Climatology,23,8/22/2003,12/31/2023,0.051858524,0.014358916,0.021182681,0.041518055,0.058542856,7.09,1,,,
8574680,"Baltimore, MD","Baltimore, MD",MD,BLTM2,NOS,6/16/1997,12/31/2023,39.27,-76.5783,NCB,North Chesapeake Bay,Northeast,Continuous Climatology,24,6/16/1997,12/31/2023,0.075549795,1.70E-06,0.015783367,0.030935399,0.048445126,4.67,1,0.167,1.67,3
8573364,"Tolchester Beach, MD","Tolchester Beach, MD",MD,TCBM2,NOAA NOS PORTS,8/4/1994,10/31/2023,39.21344,-76.2446,NCB,North Chesapeake Bay,Northeast,Continuous Climatology,25,8/4/1994,10/31/2023,0.065918196,1.36E-05,0.015150865,0.029695696,0.04822933,5.48,1,0.181,1.81,3.67
8594900,"Washington, DC","Washington, DC",DC,WASD2,NOS,2/27/1995,12/31/2023,38.873,-77.0217,NCB,North Chesapeake Bay,Northeast,Semi-Continuous,26,2/27/1995,12/31/2023,-0.008438943,0.599625658,0.016076048,0.031509053,0.046838439,4.97,1,0.172,1.72,3.25
8577330,"Solomons Island, MD","Solomons Island, MD",MD,SLIM2,NOS,2/3/1994,12/31/2023,38.3167,-76.4517,PCC,Potomac/Central Chesapeake Bay,Northeast,Continuous Climatology,27,2/3/1994,12/31/2023,0.058572257,0.001001644,0.017802768,0.034893425,0.069878303,6.49,1,0.222,2.22,4.27
8635750,"Lewisetta, VA","Lewisetta, VA",VA,LWTV2,NOS,7/8/1994,12/31/2023,37.99639,-76.4656,PCC,Potomac/Central Chesapeake Bay,Northeast,Continuous Climatology,28,7/8/1994,12/31/2023,0.06129583,8.73E-06,0.013785636,0.027019846,0.041691707,7.51,1,0.264,2.64,4.87
8632200,"Kiptopeke, VA","Kiptopeke, VA",VA,KPTV2,NOS,5/10/1994,12/31/2023,37.16528,-75.9883,TSC,Tidewater/South Chesapeake Bay,Northeast,Continuous Climatology,29,5/10/1994,12/31/2023,0.07814377,8.72E-08,0.014602181,0.028620274,0.048529591,5.28,1,0.209,2.09,3.19
8637689,"Yorktown Training Ctr, VA","Yorktown USCG Training Center, VA",VA,YKTV2,NOS,2/3/2004,12/31/2023,37.2265,-76.4788,TSC,Tidewater/South Chesapeake Bay,Northeast,Continuous Climatology,30,2/3/2004,12/31/2023,0.038545181,0.099836834,0.023422535,0.045908168,0.071261899,6.82,1,,,
8638863,"Ches Bay Bridge, VA","Chesapeake Bay Bridge Tunnel, VA",VA,CHBV2,NOS,3/4/1992,9/28/2017,36.9667,-76.1133,TSC,Tidewater/South Chesapeake Bay,Northeast,Continuous Climatology,31,3/4/1992,9/28/2017,0.035082388,0.069633703,0.019336746,0.037900022,0.07155272,5.92,1,0.261,2.61,3.31
8631044,"Wachapreague, VA","Wachapreague, VA",VA,WAHV2,NOS,2/17/1994,12/31/2023,37.60778,-75.6858,TSC,Tidewater/South Chesapeake Bay,Northeast,Continuous Climatology,32,2/17/1994,12/31/2023,0.040113091,0.003780801,0.013851712,0.027149356,0.040465748,6.01,1,,,
8651370,"Duck Pier, NC","Duck Pier, NC",NC,DUKN7,NOS,10/11/1995,12/31/2023,36.1833,-75.7467,CCL,Coastal Carolinas,Southeast,Semi-Continuous,33,10/11/1995,12/31/2023,0.029474025,0.149086027,0.020428814,0.040040475,0.079371145,5.22,1,0.23,2.3,2.92
8652587,"Oregon Inlet Marina, NC","Oregon Inlet Marina, NC",NC,ORIN7,NOS,3/29/1994,12/31/2023,35.79569,-75.5482,CCL,Coastal Carolinas,Southeast,Continuous Climatology,34,3/29/1994,12/31/2023,0.091471068,1.74E-07,0.017504203,0.034308239,0.063021809,6.61,1,0.239,2.39,4.22
8658120,"Wilmington, NC","Wilmington, NC",NC,WLON7,NOS,7/21/1994,12/31/2023,34.2275,-77.9536,CCL,Coastal Carolinas,Southeast,Continuous Climatology,35,7/21/1994,12/31/2023,0.063919684,0.000183954,0.017090409,0.033497201,0.057086195,5.29,1,0.104,1.04,4.25
8665530,"Charleston, SC","Charleston, SC",SC,CHTS1,NOS,5/17/2000,12/31/2023,32.775,-79.9239,CCL,Coastal Carolinas,Southeast,Continuous Climatology,36,5/17/2000,12/31/2023,0.020371305,0.248502767,0.017652874,0.034599634,0.051089185,5.3,1,0.165,1.65,3.65
8721604,"Cape Canaveral, FL","Trident Pier - Cape Canaveral, FL",FL,TRDF1,NOS,2/20/1996,12/31/2023,28.41583,-80.5931,SFK,South Florida/Keys,Southeast,Continuous Climatology,37,2/20/1996,12/31/2023,0.071249011,0.0037282,0.024566185,0.048149722,0.085331073,6.62,1,0.077,0.77,5.85
8723970,"Vaca Key, FL","Vaca Key, FL",FL,VCAF1,NOS,11/4/1994,12/31/2023,24.711,-81.1065,SFK,South Florida/Keys,Southeast,Semi-Continuous,38,11/4/1994,12/31/2023,0.013053546,0.160915407,0.009310664,0.018248901,0.022429512,5.79,1,0.104,1.04,4.75
8724580,"Key West, FL","Key West, FL",FL,KYWF1,NOS,3/12/1996,12/31/2023,24.55083,-81.8083,SFK,South Florida/Keys,Southeast,Continuous Climatology,39,3/12/1996,12/31/2023,0.052717855,8.69E-09,0.009161048,0.017955653,0.022850932,4.69,1,0.089,0.89,3.8
8725520,"Fort Myers, FL","Fort Myers, FL",FL,FMRF1,NOS,1/31/1998,6/30/2018,26.648,-81.871,WFL,West Florida,East Gulf,Continuous Climatology,40,1/31/1998,6/30/2018,0.072636286,8.65E-08,0.013569357,0.02659594,0.035366549,5.36,1,0.188,1.88,3.48
8726724,"Clearwater Beach, FL","Clearwater Beach, FL",FL,CWBF1,NOS,7/27/1995,12/31/2023,27.97833,-82.8317,WFL,West Florida,East Gulf,Continuous Climatology,41,7/27/1995,12/31/2023,0.070362988,7.02E-07,0.014183889,0.027800422,0.040279377,6.03,1,0.117,1.17,4.86
8728690,"Apalachiola, FL","Apalachiola, FL",FL,APCF1,NOS,10/27/1992,12/31/2023,29.72444,-84.9806,FPA,Florida Panhandle/Alabama,East Gulf,Continuous Climatology,42,10/27/1992,12/31/2023,0.066315201,9.97E-07,0.013555402,0.026568588,0.041880773,5.03,1,0.045,0.45,4.58
8729108,"Panama City, FL","Panama City, FL",FL,PACF1,NOS,4/7/1999,12/31/2023,30.14972,-85.6644,FPA,Florida Panhandle/Alabama,East Gulf,Continuous Climatology,43,4/7/1999,12/31/2023,-0.023041582,0.097282664,0.01389577,0.027235708,0.03921767,5.4,1,0.041,0.41,4.99
8729210,"Panama City Beach, FL","Panama City Beach, FL",FL,PCBF1,NOS,7/23/1993,12/31/2023,30.21375,-85.8786,FPA,Florida Panhandle/Alabama,East Gulf,Semi-Continuous,44,7/23/1993,12/31/2023,0.032458137,8.98E-05,0.008287211,0.016242934,0.023032922,5.56,1,0.041,0.41,5.15
8729840,"Pensacola, FL","Pensacola, FL",FL,PCLF1,NOS,11/6/1996,12/31/2023,30.4044,-87.2112,FPA,Florida Panhandle/Alabama,East Gulf,Continuous Climatology,45,11/6/1996,12/31/2023,0.0214726,0.077109135,0.012147117,0.02380835,0.03352337,5.45,1,0.081,0.81,4.64
8762482,"Bayou Gauche, LA","West Bank 1 - Bayou Gauche, LA",LA,BYGL1,NOS,5/3/2003,12/31/2023,29.78861,-90.4203,SLC,South Lousiana Coast,West Gulf,Continuous Climatology,46,5/3/2003,12/31/2023,0.005165994,0.788705164,0.019276642,0.037782218,0.048126201,8.9325,0,,,
8761724,"Grand Isle, LA","Grand Isle, LA",LA,GISL1,NOS,11/7/1997,12/31/2023,29.26333,-89.9567,SLC,South Lousiana Coast,West Gulf,Continuous Climatology,47,11/7/1997,12/31/2023,0.041075386,0.005300862,0.014732085,0.028874886,0.041408648,8.3,1,0.723,7.23,1.07
8768094,"Calcasieu Pass, LA","Calcasieu Pass, LA",LA,CAPL1,NOS,11/8/2004,12/31/2023,29.76817,-93.3429,SLC,South Lousiana Coast,West Gulf,Continuous Climatology,48,11/8/2004,12/31/2023,0.03665455,0.269242448,0.033177279,0.065027467,0.096253368,7.4292,0,,,
8770475,"Port Arthur, TX","Port Arthur - Sabine Naches Canal, TX",TX,PORT2,TCOON,8/16/2006,12/31/2023,29.8667,-93.93,SLC,South Lousiana Coast,West Gulf,Continuous Climatology,49,8/16/2006,12/31/2023,-0.048613874,0.227530842,0.040285167,0.078958927,0.132957485,6.3703,0,,,
8770570,"Sabine Pass, TX","Sabine Pass, TX",TX,SRST2,NDBC,3/16/1995,1/18/2021,29.7284,-93.8701,SLC,South Lousiana Coast,West Gulf,Continuous Climatology,50,3/16/1995,1/18/2021,0.055725015,0.008001408,0.021012367,0.041184239,0.068958494,6.16,1,0.42,4.2,1.96
8770971,"Rollover Pass, TX","Rollover Pass, TX",TX,RLOT2,TCOON,2/24/2004,12/31/2023,29.515,-94.5133,GVB,Galveston Bay,West Gulf,Continuous Climatology,51,2/24/2004,12/31/2023,0.048947095,0.123396526,0.031769956,0.062269113,0.092236672,2.5103,0,,,
8771341,"Galveston Bay Entr, TX","Galveston Bay Entrance, TX",TX,GNJT2,NOS,4/17/2000,12/31/2023,29.35746,-94.7247,GVB,Galveston Bay,West Gulf,Continuous Climatology,52,4/17/2000,12/31/2023,0.034521712,0.025019632,0.015403918,0.030191679,0.039274273,5.92,1,0.507,5.07,0.85
8771450,"Galveston Pier 21, TX","Galveston Pier 21, TX",TX,GTOT2,NOS,3/15/1995,12/31/2023,29.31,-94.7933,GVB,Galveston Bay,West Gulf,Semi-Continuous,53,3/15/1995,12/31/2023,0.055438021,0.001517383,0.017480954,0.034262671,0.057703013,7.88,1,0.502,5.02,2.86
8775870,"Corpus Christi, TX","Corpus Christi - Bob Hall Pier, TX",TX,xxx,NOS,4/7/1995,12/22/2021,27.58,-97.2167,CCB,Corpus Christi Bay,West Gulf,Continuous Climatology,54,4/7/1995,12/22/2021,0.056983885,0.002741375,0.019024168,0.03728737,0.066273662,6.11,1,0.322,3.22,2.89
8776604,"Baffin Bay, TX","Baffin Bay, TX",TX,BABT2,TCOON,4/5/2004,12/31/2023,27.297,-97.4052,CCB,Corpus Christi Bay,West Gulf,Continuous Climatology,55,4/5/2004,12/31/2023,0.025274064,0.617230304,0.050570423,0.099118029,0.203025252,10.6992,0,,,
9755371,"San Juan Bay, PR","San Juan Bay, PR",PR,SJNP4,NOS,2/3/1993,12/31/2023,18.45894,-66.1164,USC,US Caribbean Territories,Caribbean,Semi-Continuous,56,2/3/1993,12/31/2023,0.003662046,0.576187105,0.006551503,0.012840945,0.023560446,2.88,1,0.027,0.27,2.61
9751401,"St. Croix, VI","Lime Tree Bay - St. Croix, VI",VI,LTBV3,NOS,2/24/1997,12/31/2023,17.6947,-64.7538,USC,US Caribbean Territories,Caribbean,Semi-Continuous,57,2/24/1997,12/31/2023,0.016806099,0.091452535,0.009957489,0.019516678,0.047689399,3.67,1,-0.002,-0.02,3.69
9075099,"DeTour Village, MI","DeTour Village, MI",MI,DTLM4,NOS,10/16/2002,12/31/2023,45.9925,-83.8982,UGL,Upper Great Lakes,Great Lakes,Continuous Climatology,59,10/16/2002,12/31/2023,0.005766888,0.780776311,0.020721282,0.040613713,0.076771419,-1.9444,0,0,0,-1.9444
9075014,"Harbor Beach, MI","Harbor Beach, MI",MI,HRBM4,NOS,9/20/2002,12/31/2023,43.84625,-82.6431,UGL,Upper Great Lakes,Great Lakes,Continuous Climatology,60,9/20/2002,12/31/2023,-0.004564175,0.863959629,0.026638748,0.052211945,0.095375121,-0.505,0,0,0,-0.505
9063079,"Marblehead, OH","Marblehead, OH",OH,MRHO1,NOS,12/10/2004,12/31/2023,41.54364,-82.7314,LEO,Lake Erie/Ontario,Great Lakes,Continuous Climatology,61,12/10/2004,12/31/2023,0.062755198,0.018165382,0.026566086,0.052069529,0.084838359,4.0442,0,0,0,4.0442
9063063,"Cleveland, OH","Cleveland, OH",OH,CNDO1,NOS,8/4/2005,12/31/2023,41.54086,-81.6355,LEO,Lake Erie/Ontario,Great Lakes,Continuous Climatology,62,8/4/2005,12/31/2023,-0.004663969,0.820952367,0.02060783,0.040391347,0.060729094,2.9465,0,0,0,2.9465
9063020,"Buffalo, NY","Buffalo, NY",NY,BUFN6,NOS,7/30/2002,12/31/2023,42.87744,-78.8905,LEO,Lake Erie/Ontario,Great Lakes,Continuous Climatology,63,7/30/2002,12/31/2023,0.055147473,0.006434107,0.020239114,0.039668663,0.062060045,3.2233,0,0,0,3.2233
9459450,"Sand Point, AK","Sand Point, AK",AK,SNDA2,NOS,7/5/1995,12/31/2023,55.33172,-160.504,SAC,Southern Alaska Coast,Alaska,Semi-Continuous,64,7/5/1995,12/31/2023,0.033536049,0.115217453,0.021290446,0.041729274,0.142924515,3.17,1,-0.048,-0.48,3.65
9455920,"Anchorage, AK","Anchorage, AK",AK,ANTA2,NOS,7/23/1994,12/31/2023,61.2375,-149.89,SAC,Southern Alaska Coast,Alaska,Continuous Climatology,65,7/23/1994,12/31/2023,0.00772006,0.508654658,0.011680531,0.022893841,0.04236583,-4.98,1,-0.241,-2.41,-2.57
9455500,"Seldovia, AK","Seldovia, AK",AK,OVIA2,NOS,6/12/1994,12/31/2023,59.4405,-151.72,SAC,Southern Alaska Coast,Alaska,Semi-Continuous,66,6/12/1994,12/31/2023,0.024911117,0.049215306,0.012666315,0.024825978,0.059974401,-8.72,1,-1.036,-10.36,1.64
9454240,"Valdez, AK","Valdez, AK",AK,VDZA2,NOS,6/4/1994,12/31/2023,61.125,-146.362,SAC,Southern Alaska Coast,Alaska,Continuous Climatology,67,6/4/1994,12/31/2023,0.027275792,0.017458139,0.011475294,0.022491576,0.048566813,-9.83,1,-0.456,-4.56,-5.27
9455090,"Seward, AK","Seward, AK",AK,SWLA2,NOS,6/7/1994,12/31/2023,60.1193,-149.428,SAC,Southern Alaska Coast,Alaska,Continuous Climatology,68,6/7/1994,12/31/2023,0.026006562,0.038612165,0.012573905,0.024644854,0.0622227,-5,1,-0.32,-3.2,-1.8
9453220,"Yakutat Bay, AK","Yakutat Bay, AK",AK,YATA2,NOS,6/20/1994,12/31/2023,59.54833,-139.733,AAP,Alexander Archipelago,Alaska,Continuous Climatology,69,6/20/1994,12/31/2023,0.014582644,0.234020967,0.012253657,0.024017168,0.05929142,-17.05,1,-0.984,-9.84,-7.21
9452210,"Juneau, AK","Juneau, AK",AK,JNEA2,NOS,6/20/1994,12/31/2023,58.2988,-134.411,AAP,Alexander Archipelago,Alaska,Continuous Climatology,70,6/20/1994,12/31/2023,0.007062121,0.552643878,0.011893036,0.023310351,0.068796495,-15.49,1,-1.486,-14.86,-0.63
9451600,"Sitka, AK","Sitka, AK",AK,ITKA2,NOS,7/25/1995,12/31/2023,57.05131,-135.343,AAP,Alexander Archipelago,Alaska,Continuous Climatology,71,7/25/1995,12/31/2023,0.025353802,0.076360536,0.01430636,0.028040465,0.079096713,-3.52,1,-0.399,-3.99,0.47
9450460,"Ketchikan, AK","Ketchikan, AK",AK,KECA2,NOS,6/15/1994,12/31/2023,55.33194,-131.626,AAP,Alexander Archipelago,Alaska,Semi-Continuous,72,6/15/1994,12/31/2023,0.014343515,0.083241701,0.008280619,0.016230014,0.038618948,-1.28,1,-0.199,-1.99,0.71
9449880,"Friday Harbor, WA","Friday Harbor, WA",WA,FRDW1,NOS,3/25/1992,12/31/2023,48.54528,-123.013,SWS,Straits of Washington,Northwest,Continuous Climatology,73,3/25/1992,12/31/2023,-0.00394042,0.545539825,0.006518941,0.012777124,0.037578691,1.48,1,-0.065,-0.65,2.13
9444090,"Port Angeles, WA","Port Angeles, WA",WA,PTAW1,NOS,3/17/1997,12/31/2023,48.125,-123.44,SWS,Straits of Washington,Northwest,Semi-Continuous,74,3/17/1997,12/31/2023,0.007253839,0.519686631,0.011266725,0.02208278,0.059073306,0.51,1,-0.156,-1.56,2.07
9444900,"Port Townsend, WA","Port Townsend, WA",WA,PTWW1,NOS,4/8/1994,12/31/2023,48.11122,-122.76,SWS,Straits of Washington,Northwest,Continuous Climatology,75,4/8/1994,12/31/2023,0.006732595,0.480511574,0.009543283,0.018704834,0.071172276,1.65,1,-0.012,-0.12,1.77
9447130,"Seattle, WA","Seattle, WA",WA,EBSW1,NOS,11/8/1991,12/31/2023,47.60278,-122.339,SWS,Straits of Washington,Northwest,Continuous Climatology,76,11/8/1991,12/31/2023,0.001352745,0.921692445,0.013761108,0.026971771,0.122204881,2.44,1,0.05,0.5,1.94
9446484,"Tacoma, WA","Tacoma, WA",WA,TCNW1,NOAA NOS PORTS,7/22/1996,12/31/2023,47.27,-122.413,SWS,Straits of Washington,Northwest,Continuous Climatology,77,7/22/1996,12/31/2023,0.008518091,0.83579136,0.041094655,0.080545525,0.543340637,3.1286,0,,,
9440910,"Toke Point, WA","Toke Point, WA",WA,TOKW1,NOS,7/11/1994,12/31/2023,46.7075,-123.967,WSC,Washington Coast,Northwest,Semi-Continuous,78,7/11/1994,12/31/2023,-0.00050463,0.954707875,0.008884989,0.017414579,0.029243762,-0.42,1,-0.153,-1.53,1.11
9435380,"South Beach, OR","South Beach - Yaquina River, OR",OR,SBEO3,NOS,12/8/1990,10/6/2022,44.6254,-124.045,WSC,Washington Coast,Northwest,Semi-Continuous,79,12/8/1990,10/6/2022,-0.002442623,0.812870389,0.010318412,0.020224088,0.03453007,2.41,1,-0.019,-0.19,2.6
9432780,"Charleston, OR","Charleston - Coos Bay, OR",OR,CHAO3,NOS,9/25/1993,12/31/2023,43.345,-124.322,WSC,Washington Coast,Northwest,Semi-Continuous,80,9/25/1993,12/31/2023,0.000527024,0.960848142,0.010736022,0.021042603,0.03690767,0.99,1,-0.094,-0.94,1.93
9431647,"Port Orford, OR","Port Orford, OR",OR,PORO3,NOS,9/22/1993,12/31/2023,42.73897,-124.498,WSC,Washington Coast,Northwest,Continuous Climatology,81,9/22/1993,12/31/2023,-0.00091765,0.936233999,0.011470041,0.022481281,0.038432595,0.38,1,-0.119,-1.19,1.57
9419750,"Crescent City, CA","Crescent City, CA",CA,CECC1,NOS,9/20/1993,12/31/2023,41.74561,-124.184,NCC,Northern California Coast,Northwest,Continuous Climatology,82,9/20/1993,12/31/2023,0.009638203,0.408930058,0.011671664,0.022876462,0.04399658,-1.1,1,-0.242,-2.42,1.32
9418767,"North Spit, CA","North Spit, CA",CA,HBYC1,NOS,9/24/1993,12/31/2023,40.76691,-124.217,NCC,Northern California Coast,Northwest,Continuous Climatology,83,9/24/1993,12/31/2023,0.007007331,0.465679906,0.009605319,0.018826425,0.035470297,5.3,1,0.25,2.5,2.8
9416841,"Arena Cove, CA","Arena Cove, CA",CA,ANVC1,NOS,9/18/1993,12/31/2023,38.91456,-123.711,NCC,Northern California Coast,Northwest,Continuous Climatology,84,9/18/1993,12/31/2023,0.001967831,0.850227519,0.010421283,0.020425715,0.039229861,1.46,1,-0.062,-0.62,2.08
9415144,"Port Chicago, CA","Port Chicago, CA",CA,PCOC1,NOS,9/13/1993,12/31/2023,38.056,-122.04,SFB,San Francisco Bay,Southwest,Continuous Climatology,85,9/13/1993,12/31/2023,0.024352376,0.00219888,0.007953181,0.015588235,0.025965835,2.2,1,0.053,0.53,1.67
9414863,"Richmond, CA","Richmond, CA",CA,RCMC1,NOAA NOS PORTS,9/5/1995,12/31/2023,37.9283,-122.4,SFB,San Francisco Bay,Southwest,Continuous Climatology,86,9/5/1995,12/31/2023,0.029712233,0.015305385,0.012252108,0.024014131,0.0532812,2.7984,0,,,
9414750,"Alameda, CA","Alameda, CA",CA,xxx,NOS,9/1/1993,12/31/2023,37.77195,-122.3,SFB,San Francisco Bay,Southwest,Continuous Climatology,87,9/1/1993,12/31/2023,0.034698702,2.97E-05,0.008309231,0.016286094,0.029624753,1.46,1,-0.074,-0.74,2.2
9414290,"San Francisco, CA","San Francisco, CA",CA,FTPC1,NOS,9/13/1993,12/31/2023,37.80631,-122.466,SFB,San Francisco Bay,Southwest,Semi-Continuous,88,9/13/1993,12/31/2023,0.038332069,0.003583268,0.013160354,0.025794293,0.065120582,1.98,1,0.024,0.24,1.74
9412110,"Port San Luis, CA","Port San Luis, CA",CA,PSLC1,NOS,9/4/1993,12/31/2023,35.16889,-120.754,SCA,Southern California,Southwest,Semi-Continuous,89,9/4/1993,12/31/2023,0.026122137,0.025643841,0.011705757,0.022943283,0.04956485,1.47,1,-0.08,-0.8,2.27
9410660,"Los Angeles, CA","Los Angeles - Outer Harbor, CA",CA,OHBC1,NOS,9/5/1993,10/26/2022,33.72,-118.272,SCA,Southern California,Southwest,Semi-Continuous,90,9/5/1993,10/26/2022,0.043268858,0.005643474,0.015632899,0.030640481,0.061489198,2.22,1,-0.07,-0.7,2.92
9410230,"La Jolla, CA","La Jolla, CA",CA,LJAC1,NOS,8/28/1993,12/31/2023,32.86689,-117.257,SCA,Southern California,Southwest,Semi-Continuous,91,8/28/1993,12/31/2023,0.003371174,0.809906848,0.014014664,0.027468741,0.057022276,1.72,1,0.033,0.33,1.39
1617433,"Kawaihae, HI","Kawaihae, HI",HI,KWHH1,NOS,1/29/1994,12/31/2023,20.0366,-155.829,HWI,Hawaiin Islands,Pacific Islands,Continuous Climatology,92,1/29/1994,12/31/2023,0.027917993,0.001216833,0.008630236,0.016915263,0.042433334,3.55,1,0.116,1.16,2.39
1615680,"Kahului, HI","Kahului, HI",HI,KLIH1,NOS,2/8/1994,12/31/2023,20.895,-156.469,HWI,Hawaiin Islands,Pacific Islands,Continuous Climatology,93,2/8/1994,12/31/2023,0.022218541,0.011687715,0.008811862,0.01727125,0.039961436,2.23,1,0.066,0.66,1.57
1612480,"Mokuoloe, HI","Mokuoloe, HI",HI,MOKH1,NOS,1/11/1994,12/31/2023,21.43306,-157.79,HWI,Hawaiin Islands,Pacific Islands,Semi-Continuous,94,1/11/1994,12/31/2023,0.027813293,0.000116942,0.007219639,0.014150492,0.024827223,1.66,1,0.009,0.09,1.57
1619910,Sand Island,"Sand Island, Midway",Sand,SNDP5,NOS,3/22/1994,12/31/2023,28.21167,-177.36,HWI,Hawaiin Islands,Pacific Islands,Continuous Climatology,95,3/22/1994,12/31/2023,0.028149542,0.011227175,0.011101959,0.021759839,0.045210244,4.3,1,-0.006,-0.06,4.36
1890000,Wake Island,Wake Island,Wake,WAKP8,NOS,3/11/1994,12/31/2023,19.29056,166.6175,PAC,Pacific Islands,Pacific Islands,Semi-Continuous,96,3/11/1994,12/31/2023,0.029060491,0.000162521,0.007706078,0.015103914,0.031541684,2.5,1,0.02,0.2,2.3
